Video,Thema,Start ,Ende,Kurzinhalt
Teil I.1 Radikaler Konstruktivismus I,Sprache,0:06:00,0:07:50,Vorlesungen und Sprache
Teil I.1 Radikaler Konstruktivismus I,Sprache,0:07:50,0:17:30,Funktion von Sprache erklären;
Teil I.1 Radikaler Konstruktivismus I,Erfahrung/Wirklichkeit,0:20:30,0:31:35,Basiserklärung Konstruktivismus
Teil I.1 Radikaler Konstruktivismus I,Erfahrung,0:44:30,0:51:15,Erfahrungen aus Voraussetzung um Pläne zu machen;
Teil I.1 Radikaler Konstruktivismus I,Anpassung/Erfahrung,0:51:15,01:02:30,Assimilation und Lochkarten
Teil I.1 Radikaler Konstruktivismus I,Realität ,1:02:30,1:04:40,"Wissen nie mehr oder weniger Abbildung von realer Welt, sondern…"
Teil I.2 Radikaler Konstruktivismus I,Sprache,0:01:30,0:11:20,Fremdwörterbuch;
Teil I.2 Radikaler Konstruktivismus I,Sprache/Viabilität,0:11:20,0:14:30,Kommunikation aus Konstruktivistischer Perspektive
Teil I.2 Radikaler Konstruktivismus I,Sprache/Anpassung,0:16:00,0:19:00,Sprachentwicklung Kinder
Teil I.2 Radikaler Konstruktivismus I,Sprache,0:20:16,0:25:35,Warum sprechen wir? Schimpansen
Teil I.2 Radikaler Konstruktivismus I,Wissen,0:25:40,00:28:45,Frage: Wiederholung der Erklärung von Wissen
Teil I.2 Radikaler Konstruktivismus I,Wissen,0:28:45,0:36:37,kollektiven Unbewusstsein aus Konstuktivistiscsher Perspektive
Teil I.2 Radikaler Konstruktivismus I,Wissen/Realität,0:36:37,0:44:00,Frage: Konstruktivismus und Unsicherheit
Teil I.2 Radikaler Konstruktivismus I,Viabilität,0:48:00,0:52:30,Definition Viabilität
Teil I.2 Radikaler Konstruktivismus I,Lernen ,1:03:00,1:09:20,Mathematik lernen
Teil I.2 Radikaler Konstruktivismus I,Konstruktivismus und Literatur,0:55:50,0:57:30,Beispiele aus der Literatur
Teil I.2 Radikaler Konstruktivismus I,Konstruktivismus und Beziehung,0:52:30,0:55:50,Bild vom anderen in Beziehungen
Teil II: Radikaler Konstruktivismus II,Sprache,0:04:25,0:12:19,"Fremdsprachen, Mehrsprachig aufwachsen"
Teil II: Radikaler Konstruktivismus II,Wirklichkeit,0:12:45,0:16:10,subjektive Wirklichkeit und Habitus bei Bourdieu
Teil II: Radikaler Konstruktivismus II,Konstruktivismus und Krieg,0:16:10,0:18:00,Gäbe es noch Kriege wenn alle Konstruktivistisch sind? 
Teil II: Radikaler Konstruktivismus II,Wahrnehmung/Wissen,0:18:07,0:25:05,Information im Sinne von Wahrnehmung speichern
Teil II: Radikaler Konstruktivismus II,Konstruktivismus und Werte,0:24:10,0:27:12,Konstuktivist und Werte
Teil II: Radikaler Konstruktivismus II,Systemtheorie,0:27:12,0:30:40,"Systemtheorie, Familientherapie"
Teil II: Radikaler Konstruktivismus II,Unbewusstes,0:30:40,0:31:30,Unbewusstes im Radikalen Konstruktivismus
Teil II: Radikaler Konstruktivismus II,Übertragungsphänomen,0:31:30,0:34:00,
Teil II: Radikaler Konstruktivismus II,Sprache,0:34:10,0:37:38,Kommunikation nur auf sprachlicher Ebene? 
Teil II: Radikaler Konstruktivismus II,Sprache,0:37:45,0:48:45,"Zweisprachiges Kind, Zweisprachige Wörterbücher"
Teil II: Radikaler Konstruktivismus II,Wissenschaft,0:48:45,0:55:10,Verallgemeinerungen in der Wissenschaft aus radikal Konstruktiv. Perspektive
Teil II: Radikaler Konstruktivismus II,Wahrheit/Viabilität,0:55:10,0:56:42,Konstruktivismus und sein Verhältnis zur Wissenschaft
Teil II: Radikaler Konstruktivismus II,Sprache,0:56:50,1:00:50,Gebärdensprache als Sprache?
Teil II: Radikaler Konstruktivismus II,Lernen ,1:00:45,1:04:24,Imitation als Lernschritt
Teil III: Kolloquium Radikaler Konstruktivismus und erinnerte Wirklichkeit,Konstruktivismus und Psychoanalyse,0:01:50,0:08:38,Glasersfeld über die möglichen Parallelen zur Psychoanalyse
Teil III: Kolloquium Radikaler Konstruktivismus und erinnerte Wirklichkeit,Konstruktivismus und Psychoanalyse,0:11:05,0:20:45,Hans Jörg Walter über die möglichen Parallelen zwischen Konstruktivismus und Psychoanalyse
Teil III: Kolloquium Radikaler Konstruktivismus und erinnerte Wirklichkeit,Konstruktivismus und Fantasie,0:20:45,0:22:43,Wissenschaft und Kunst und Fantasie im Konstruktivimsu
Teil III: Kolloquium Radikaler Konstruktivismus und erinnerte Wirklichkeit,Wirklichkeit,0:27:55,0:32:00,Bäume sehen und Konstruktion aus der Wahrnehmung
Teil III: Kolloquium Radikaler Konstruktivismus und erinnerte Wirklichkeit,Wirklichkeit,0:38:10,0:41:10,Sonnenuntergang - was bewegt sich wirklich
Teil III: Kolloquium Radikaler Konstruktivismus und erinnerte Wirklichkeit,Rekonstruktion,0:53:00,0:58:20,Rekonstruktion von Erinnerungen  mit Begriffen aus dem aktuellen
Teil III: Kolloquium Radikaler Konstruktivismus und erinnerte Wirklichkeit,Viabilität/Realität/Anpassung,1:04:27,1:09:00,"Wahrheit im Trivialen zusammenhang, Viabilität in der Behandlung, Mathematikunterricht"
Teil III: Kolloquium Radikaler Konstruktivismus und erinnerte Wirklichkeit,Realität ,1:12:00,1:13:50,Werner Ernst Kritik am Radikalen Konstruktivismus
Teil III: Kolloquium Radikaler Konstruktivismus und erinnerte Wirklichkeit,Realität ,1:13:50,1:18:30,Antwort Glasersfeld - was will der Radikale Konstruktivismus
